round,slice,frame,object_ref,cell,what,why,severity,owner,rule_id,evidence,action,rules_version,note
calib,C0,adasind_019560.jpg,L6,na,SPURIOUS,E0_reference_defect,P1,qa,R06,adasind_019560.jpg,keep_with_reason,1.0,Người dắt xe
calib,C0,adasind_019560.jpg,L1,na,BOX_GEOMETRY,E0_reference_defect,P1,qa,R06,adasind_019560.jpg,keep_with_reason,1.0,Xe máy
calib,C0,adasind_019560.jpg,lens_border,na,IGNORE_SCOPE,E0_reference_defect,P2,qa,R09,adasind_019560.jpg,keep_with_reason,1.0,Viền thấu kính
r2_qa,B2-mid,adasind_102750.jpg,L1,L_only,BOX_GEOMETRY,,P1,qa,R11,adasind_102750.jpg,escalate,1.0,QA Review observation
r2_qa,B2-mid,adasind_102750.jpg,L2,L_only,BOX_GEOMETRY,,P1,qa,R06,adasind_102750.jpg,escalate,1.0,QA Review observation
r2_qa,B2-mid,adasind_060000.jpg,L4,L_only,BOX_GEOMETRY,,P1,qa,R08,adasind_060000.jpg,escalate,1.0,QA Review observation
r1_craft,B2-mid,adasind_060000.jpg,R7,na,MISSING,E1_annotator_error,P1,annotator,R01,compare.md,rework,1.0,Auto filled
r1_craft,B2-mid,adasind_060000.jpg,R8,na,MISSING,E1_annotator_error,P1,annotator,R01,compare.md,rework,1.0,Auto filled
r1_craft,B2-mid,adasind_060000.jpg,R9,na,MISSING,E1_annotator_error,P1,annotator,R01,compare.md,rework,1.0,Auto filled
r1_craft,B2-mid,adasind_102750.jpg,L4,na,SPURIOUS,E1_annotator_error,P1,annotator,R01,compare.md,rework,1.0,Auto filled
r1_craft,B2-mid,adasind_102750.jpg,R4,na,MISSING,E1_annotator_error,P1,annotator,R01,compare.md,rework,1.0,Auto filled
r1_craft,B2-mid,adasind_102750.jpg,R5,na,MISSING,E1_annotator_error,P1,annotator,R01,compare.md,rework,1.0,Auto filled
r3_diag,B2-mid,adasind_060000.jpg,L1+R4,LR_noM,MISSING,E4_model_domain,P1,ai_team,na,model_compare.md,escalate,1.0,Model missed object
r3_diag,B2-mid,adasind_060000.jpg,L7+R2,LR_noM,MISSING,E4_model_domain,P1,ai_team,na,model_compare.md,escalate,1.0,Model missed object
r3_diag,B2-mid,adasind_060000.jpg,L5+R3,LR_noM,MISSING,E4_model_domain,P1,ai_team,na,model_compare.md,escalate,1.0,Model missed object
r3_diag,B2-mid,adasind_060000.jpg,L4+R1,LR_noM,MISSING,E4_model_domain,P1,ai_team,na,model_compare.md,escalate,1.0,Model missed object
r3_diag,B2-mid,adasind_060000.jpg,R7+M6,RM_noL,MISSING,E1_annotator_error,P1,annotator,R01,compare.md,rework,1.0,Annotator missed object
r3_diag,B2-mid,adasind_060000.jpg,R8,R_only,MISSING,E0_reference_defect,P1,qa,R01,compare.md,keep_with_reason,1.0,Reference defect hallucinated
r3_diag,B2-mid,adasind_060000.jpg,R9,R_only,MISSING,E0_reference_defect,P1,qa,R01,compare.md,keep_with_reason,1.0,Reference defect hallucinated
r3_diag,B2-mid,adasind_060000.jpg,M2,M_only,SPURIOUS,E4_model_domain,P1,ai_team,na,model_compare.md,escalate,1.0,Model spurious detection
r3_diag,B2-mid,adasind_060000.jpg,M3,M_only,SPURIOUS,E4_model_domain,P1,ai_team,na,model_compare.md,escalate,1.0,Model spurious detection
r3_diag,B2-mid,adasind_060000.jpg,M7,M_only,SPURIOUS,E4_model_domain,P1,ai_team,na,model_compare.md,escalate,1.0,Model spurious detection
r3_diag,B2-mid,adasind_060000.jpg,M9,M_only,SPURIOUS,E4_model_domain,P1,ai_team,na,model_compare.md,escalate,1.0,Model spurious detection
r3_diag,B2-mid,adasind_060000.jpg,M10,M_only,SPURIOUS,E4_model_domain,P1,ai_team,na,model_compare.md,escalate,1.0,Model spurious detection
r3_diag,B2-mid,adasind_060000.jpg,M11,M_only,SPURIOUS,E4_model_domain,P1,ai_team,na,model_compare.md,escalate,1.0,Model spurious detection
r3_diag,B2-mid,adasind_060000.jpg,M12,M_only,SPURIOUS,E4_model_domain,P1,ai_team,na,model_compare.md,escalate,1.0,Model spurious detection
r3_diag,B2-mid,adasind_086220.jpg,L3+R1,LR_noM,MISSING,E4_model_domain,P1,ai_team,na,model_compare.md,escalate,1.0,Model missed object
r3_diag,B2-mid,adasind_086220.jpg,L4+R4,LR_noM,MISSING,E4_model_domain,P1,ai_team,na,model_compare.md,escalate,1.0,Model missed object
r3_diag,B2-mid,adasind_086220.jpg,L2+R5,LR_noM,MISSING,E4_model_domain,P1,ai_team,na,model_compare.md,escalate,1.0,Model missed object
r3_diag,B2-mid,adasind_086220.jpg,M2,M_only,SPURIOUS,E4_model_domain,P1,ai_team,na,model_compare.md,escalate,1.0,Model spurious detection
r3_diag,B2-mid,adasind_086220.jpg,M3,M_only,SPURIOUS,E4_model_domain,P1,ai_team,na,model_compare.md,escalate,1.0,Model spurious detection
r3_diag,B2-mid,adasind_086220.jpg,M5,M_only,SPURIOUS,E4_model_domain,P1,ai_team,na,model_compare.md,escalate,1.0,Model spurious detection
r3_diag,B2-mid,adasind_086220.jpg,M6,M_only,SPURIOUS,E4_model_domain,P1,ai_team,na,model_compare.md,escalate,1.0,Model spurious detection
r3_diag,B2-mid,adasind_086220.jpg,M7,M_only,SPURIOUS,E4_model_domain,P1,ai_team,na,model_compare.md,escalate,1.0,Model spurious detection
r3_diag,B2-mid,adasind_086220.jpg,M8,M_only,SPURIOUS,E4_model_domain,P1,ai_team,na,model_compare.md,escalate,1.0,Model spurious detection
r3_diag,B2-mid,adasind_102750.jpg,L3+R3,LR_noM,MISSING,E4_model_domain,P1,ai_team,na,model_compare.md,escalate,1.0,Model missed object
r3_diag,B2-mid,adasind_102750.jpg,L4,L_only,SPURIOUS,E1_annotator_error,P1,annotator,R01,compare.md,rework,1.0,Annotator hallucination
r3_diag,B2-mid,adasind_102750.jpg,R4,R_only,MISSING,E0_reference_defect,P1,qa,R01,compare.md,keep_with_reason,1.0,Reference defect hallucinated
r3_diag,B2-mid,adasind_102750.jpg,R5+M8,RM_noL,MISSING,E1_annotator_error,P1,annotator,R01,compare.md,rework,1.0,Annotator missed object
r3_diag,B2-mid,adasind_102750.jpg,M3,M_only,SPURIOUS,E4_model_domain,P1,ai_team,na,model_compare.md,escalate,1.0,Model spurious detection
r3_diag,B2-mid,adasind_102750.jpg,M4,M_only,SPURIOUS,E4_model_domain,P1,ai_team,na,model_compare.md,escalate,1.0,Model spurious detection
r3_diag,B2-mid,adasind_102750.jpg,M5,M_only,SPURIOUS,E4_model_domain,P1,ai_team,na,model_compare.md,escalate,1.0,Model spurious detection
r3_diag,B2-mid,adasind_102750.jpg,M6,M_only,SPURIOUS,E4_model_domain,P1,ai_team,na,model_compare.md,escalate,1.0,Model spurious detection
r3_diag,B2-mid,adasind_102750.jpg,M7,M_only,SPURIOUS,E4_model_domain,P1,ai_team,na,model_compare.md,escalate,1.0,Model spurious detection
